name,age,email
User1,24,user1@example.com
User2,37,user2@example.com
User3,39,user3@example.com
User4,54,user4@example.com
User5,31,user5@example.com
User6,39,user6@example.com
User7,20,user7@example.com
User8,49,user8@example.com
User9,39,user9@example.com
User10,39,user10@example.com
User11,49,user11@example.com
User12,23,user12@example.com
User13,54,user13@example.com
User14,32,user14@example.com
User15,60,user15@example.com
User16,36,user16@example.com
User17,52,user17@example.com
User18,52,user18@example.com
User19,33,user19@example.com
User20,19,user20@example.com
User21,52,user21@example.com
User22,24,user22@example.com
User23,18,user23@example.com
User24,55,user24@example.com
User25,33,user25@example.com
User26,58,user26@example.com
User27,44,user27@example.com
User28,59,user28@example.com
User29,21,user29@example.com
User30,58,user30@example.com
User31,54,user31@example.com
User32,18,user32@example.com
User33,40,user33@example.com
User34,22,user34@example.com
User35,21,user35@example.com
User36,52,user36@example.com
User37,54,user37@example.com
User38,53,user38@example.com
User39,38,user39@example.com
User40,23,user40@example.com
User41,38,user41@example.com
User42,33,user42@example.com
User43,43,user43@example.com
User44,20,user44@example.com
User45,44,user45@example.com
User46,28,user46@example.com
User47,43,user47@example.com
User48,56,user48@example.com
User49,35,user49@example.com
User50,41,user50@example.com
